年份,分数,本段人数,累计人数
2021,695,24,24
2021,694,5,29
2021,693,8,37
2021,692,7,44
2021,691,10,54
2021,690,10,64
2021,689,9,73
2021,688,15,88
2021,687,14,102
2021,686,18,120
2021,685,21,141
2021,684,25,166
2021,683,31,197
2021,682,26,223
2021,681,17,240
2021,680,33,273
2021,679,33,306
2021,678,30,336
2021,677,35,371
2021,676,39,410
2021,675,45,455
2021,674,46,501
2021,673,59,560
2021,672,50,610
2021,671,55,665
2021,670,58,723
2021,669,69,792
2021,668,76,868
2021,667,69,937
2021,666,86,1023
2021,665,83,1106
2021,664,85,1191
2021,663,87,1278
2021,662,105,1383
2021,661,97,1480
2021,660,109,1589
2021,659,119,1708
2021,658,134,1842
2021,657,127,1969
2021,656,157,2126
2021,655,162,2288
2021,654,138,2426
2021,653,159,2585
2021,652,159,2744
2021,651,161,2905
2021,650,169,3074
2021,649,190,3264
2021,648,188,3452
2021,647,188,3640
2021,646,210,3850
2021,645,221,4071
2021,644,226,4297
2021,643,206,4503
2021,642,210,4713
2021,641,254,4967
2021,640,245,5212
2021,639,258,5470
2021,638,275,5745
2021,637,286,6031
2021,636,328,6359
2021,635,302,6661
2021,634,293,6954
2021,633,318,7272
2021,632,334,7606
2021,631,357,7963
2021,630,351,8314
2021,629,335,8649
2021,628,372,9021
2021,627,415,9436
2021,626,377,9813
2021,625,385,10198
2021,624,418,10616
2021,623,407,11023
2021,622,450,11473
2021,621,446,11919
2021,620,462,12381
2021,619,492,12873
2021,618,463,13336
2021,617,491,13827
2021,616,508,14335
2021,615,535,14870
2021,614,512,15382
2021,613,536,15918
2021,612,554,16472
2021,611,573,17045
2021,610,542,17587
2021,609,573,18160
2021,608,602,18762
2021,607,641,19403
2021,606,585,19988
2021,605,624,20612
2021,604,658,21270
2021,603,632,21902
2021,602,579,22481
2021,601,622,23103
2021,600,646,23749
2021,599,667,24416
2021,598,659,25075
2021,597,723,25798
2021,596,671,26469
2021,595,720,27189
2021,594,711,27900
2021,593,764,28664
2021,592,777,29441
2021,591,764,30205
2021,590,792,30997
2021,589,841,31838
2021,588,818,32656
2021,587,812,33468
2021,586,817,34285
2021,585,834,35119
2021,584,814,35933
2021,583,841,36774
2021,582,832,37606
2021,581,856,38462
2021,580,884,39346
2021,579,866,40212
2021,578,870,41082
2021,577,924,42006
2021,576,889,42895
2021,575,991,43886
2021,574,957,44843
2021,573,1036,45879
2021,572,930,46809
2021,571,932,47741
2021,570,1016,48757
2021,569,1010,49767
2021,568,960,50727
2021,567,996,51723
2021,566,1080,52803
2021,565,1007,53810
2021,564,1077,54887
2021,563,1063,55950
2021,562,1064,57014
2021,561,1055,58069
2021,560,1081,59150
2021,559,1000,60150
2021,558,1148,61298
2021,557,1078,62376
2021,556,1067,63443
2021,555,1111,64554
2021,554,1050,65604
2021,553,1160,66764
2021,552,1076,67840
2021,551,1155,68995
2021,550,1139,70134
2021,549,1128,71262
2021,548,1147,72409
2021,547,1173,73582
2021,546,1133,74715
2021,545,1149,75864
2021,544,1179,77043
2021,543,1167,78210
2021,542,1195,79405
2021,541,1209,80614
2021,540,1182,81796
2021,539,1194,82990
2021,538,1218,84208
2021,537,1242,85450
2021,536,1197,86647
2021,535,1266,87913
2021,534,1221,89134
2021,533,1365,90499
2021,532,1254,91753
2021,531,1292,93045
2021,530,1268,94313
2021,529,1278,95591
2021,528,1321,96912
2021,527,1295,98207
2021,526,1256,99463
2021,525,1323,100786
2021,524,1282,102068
2021,523,1300,103368
2021,522,1293,104661
2021,521,1294,105955
2021,520,1353,107308
2021,519,1339,108647
2021,518,1335,109982
2021,517,1270,111252
2021,516,1458,112710
2021,515,1282,113992
2021,514,1397,115389
2021,513,1357,116746
2021,512,1322,118068
2021,511,1369,119437
2021,510,1334,120771
2021,509,1328,122099
2021,508,1389,123488
2021,507,1387,124875
2021,506,1374,126249
2021,505,1377,127626
2021,504,1417,129043
2021,503,1352,130395
2021,502,1343,131738
2021,501,1394,133132
2021,500,1395,134527
2021,499,1427,135954
2021,498,1438,137392
2021,497,1373,138765
2021,496,1378,140143
2021,495,1368,141511
2021,494,1352,142863
2021,493,1408,144271
2021,492,1362,145633
2021,491,1365,146998
2021,490,1388,148386
2021,489,1365,149751
2021,488,1419,151170
2021,487,1362,152532
2021,486,1336,153868
2021,485,1461,155329
2021,484,1351,156680
2021,483,1326,158006
2021,482,1419,159425
2021,481,1345,160770
2021,480,1351,162121
2021,479,1371,163492
2021,478,1349,164841
2021,477,1377,166218
2021,476,1333,167551
2021,475,1358,168909
2021,474,1394,170303
2021,473,1364,171667
2021,472,1277,172944
2021,471,1309,174253
2021,470,1341,175594
2021,469,1339,176933
2021,468,1239,178172
2021,467,1378,179550
2021,466,1335,180885
2021,465,1299,182184
2021,464,1335,183519
2021,463,1307,184826
2021,462,1298,186124
2021,461,1263,187387
2021,460,1319,188706
2021,459,1309,190015
2021,458,1366,191381
2021,457,1261,192642
2021,456,1259,193901
2021,455,1269,195170
2021,454,1223,196393
2021,453,1254,197647
2021,452,1279,198926
2021,451,1288,200214
2021,450,1245,201459
2021,449,1212,202671
2021,448,1143,203814
2021,447,1234,205048
2021,446,1221,206269
2021,445,1189,207458
2021,444,1194,208652
2021,443,1191,209843
2021,442,1133,210976
2021,441,1155,212131
2021,440,1162,213293
2021,439,1137,214430
2021,438,1149,215579
2021,437,1090,216669
2021,436,1144,217813
2021,435,1103,218916
2021,434,1094,220010
2021,433,1139,221149
2021,432,1155,222304
2021,431,1100,223404
2021,430,1085,224489
2021,429,1070,225559
2021,428,1111,226670
2021,427,1093,227763
2021,426,1067,228830
2021,425,1072,229902
2021,424,1064,230966
2021,423,1028,231994
2021,422,1096,233090
2021,421,986,234076
2021,420,1030,235106
2021,419,1022,236128
2021,418,973,237101
2021,417,973,238074
2021,416,998,239072
2021,415,984,240056
2021,414,975,241031
2021,413,971,242002
2021,412,940,242942
2021,411,996,243938
2021,410,931,244869
2021,409,945,245814
2021,408,939,246753
2021,407,912,247665
2021,406,926,248591
2021,405,927,249518
2021,404,901,250419
2021,403,858,251277
2021,402,894,252171
2021,401,899,253070
2021,400,842,253912
2021,399,870,254782
2021,398,856,255638
2021,397,829,256467
2021,396,844,257311
2021,395,838,258149
2021,394,912,259061
2021,393,841,259902
2021,392,851,260753
2021,391,818,261571
2021,390,751,262322
2021,389,796,263118
2021,388,772,263890
2021,387,820,264710
2021,386,769,265479
2021,385,773,266252
2021,384,758,267010
2021,383,801,267811
2021,382,756,268567
2021,381,777,269344
2021,380,725,270069
2021,379,747,270816
2021,378,737,271553
2021,377,758,272311
2021,376,756,273067
2021,375,726,273793
2021,374,743,274536
2021,373,744,275280
2021,372,671,275951
2021,371,687,276638
2021,370,697,277335
2021,369,752,278087
2021,368,703,278790
2021,367,729,279519
2021,366,700,280219
2021,365,666,280885
2021,364,713,281598
2021,363,654,282252
2021,362,663,282915
2021,361,641,283556
2021,360,657,284213
2021,359,661,284874
2021,358,632,285506
2021,357,680,286186
2021,356,618,286804
2021,355,639,287443
2021,354,652,288095
2021,353,567,288662
2021,352,575,289237
2021,351,601,289838
2021,350,574,290412
2021,349,597,291009
2021,348,639,291648
2021,347,561,292209
2021,346,598,292807
2021,345,556,293363
2021,344,587,293950
2021,343,576,294526
2021,342,565,295091
2021,341,550,295641
2021,340,562,296203
2021,339,570,296773
2021,338,575,297348
2021,337,581,297929
2021,336,564,298493
2021,335,513,299006
2021,334,493,299499
2021,333,527,300026
2021,332,506,300532
2021,331,488,301020
2021,330,489,301509
2021,329,530,302039
2021,328,488,302527
2021,327,522,303049
2021,326,551,303600
2021,325,523,304123
2021,324,493,304616
2021,323,487,305103
2021,322,464,305567
2021,321,507,306074
2021,320,461,306535
2021,319,447,306982
2021,318,485,307467
2021,317,479,307946
2021,316,443,308389
2021,315,425,308814
2021,314,473,309287
2021,313,410,309697
2021,312,419,310116
2021,311,459,310575
2021,310,440,311015
2021,309,416,311431
2021,308,415,311846
2021,307,413,312259
2021,306,458,312717
2021,305,424,313141
2021,304,420,313561
2021,303,421,313982
2021,302,433,314415
2021,301,449,314864
2021,300,351,315215
2021,299,403,315618
2021,298,354,315972
2021,297,376,316348
2021,296,433,316781
2021,295,363,317144
2021,294,368,317512
2021,293,383,317895
2021,292,346,318241
2021,291,310,318551
2021,290,350,318901
2021,289,321,319222
2021,288,323,319545
2021,287,332,319877
2021,286,375,320252
2021,285,347,320599
2021,284,309,320908
2021,283,329,321237
2021,282,354,321591
2021,281,306,321897
2021,280,327,322224
2021,279,314,322538
2021,278,336,322874
2021,277,311,323185
2021,276,318,323503
2021,275,303,323806
2021,274,297,324103
2021,273,292,324395
2021,272,297,324692
2021,271,288,324980
2021,270,273,325253
2021,269,284,325537
2021,268,256,325793
2021,267,265,326058
2021,266,280,326338
2021,265,270,326608
2021,264,252,326860
2021,263,261,327121
2021,262,252,327373
2021,261,250,327623
2021,260,253,327876
2021,259,238,328114
2021,258,258,328372
2021,257,233,328605
2021,256,239,328844
2021,255,235,329079
2021,254,215,329294
2021,253,222,329516
2021,252,213,329729
2021,251,216,329945
2021,250,207,330152
2021,249,201,330353
2021,248,178,330531
2021,247,220,330751
2021,246,207,330958
2021,245,214,331172
2021,244,185,331357
2021,243,215,331572
2021,242,197,331769
2021,241,202,331971
2021,240,193,332164
2021,239,177,332341
2021,238,147,332488
2021,237,166,332654
2021,236,163,332817
2021,235,149,332966
2021,234,161,333127
2021,233,136,333263
2021,232,163,333426
2021,231,134,333560
2021,230,139,333699
2021,229,137,333836
2021,228,131,333967
2021,227,114,334081
2021,226,110,334191
2021,225,111,334302
2021,224,133,334435
2021,223,108,334543
2021,222,106,334649
2021,221,133,334782
2021,220,122,334904
2021,219,110,335014
2021,218,109,335123
2021,217,95,335218
2021,216,79,335297
2021,215,82,335379
2021,214,89,335468
2021,213,72,335540
2021,212,104,335644
2021,211,86,335730
2021,210,66,335796
2021,209,59,335855
2021,208,77,335932
2021,207,92,336024
2021,206,57,336081
2021,205,77,336158
2021,204,61,336219
2021,203,55,336274
2021,202,53,336327
2021,201,77,336404
2021,200,62,336466
2021,199,32,336498
2021,198,49,336547
2021,197,37,336584
2021,196,45,336629
2021,195,46,336675
2021,194,48,336723
2021,193,43,336766
2021,192,52,336818
2021,191,33,336851
2021,190,34,336885
2021,189,42,336927
2021,188,38,336965
2021,187,39,337004
2021,186,34,337038
2021,185,27,337065
2021,184,31,337096
2021,183,27,337123
2021,182,39,337162
2021,181,25,337187
2021,180,31,337218
2021,179,35,337253
2021,178,28,337281
2021,177,17,337298
2021,176,19,337317
2021,175,19,337336
2021,174,18,337354
2021,173,22,337376
2021,172,18,337394
2021,171,36,337430
2021,170,20,337450
2021,169,17,337467
2021,168,18,337485
2021,167,18,337503
2021,166,17,337520
2021,165,14,337534
2021,164,17,337551
2021,163,22,337573
2021,162,13,337586
2021,161,13,337599
2021,160,16,337615
2021,159,16,337631
2021,158,22,337653
2021,157,14,337667
2021,156,16,337683
2021,155,13,337696
2021,154,15,337711
2021,153,8,337719
2021,152,7,337726
2021,151,9,337735
2021,150,15,337750
2021,149,13,337763
2021,148,12,337775
2021,147,6,337781
2021,146,10,337791
2021,145,7,337798
2021,144,10,337808
2021,143,11,337819
2021,142,16,337835
2021,141,7,337842
2021,140,9,337851
2021,139,7,337858
2021,138,3,337861
2021,137,9,337870
2021,136,6,337876
2021,135,3,337879
2021,134,7,337886
2021,133,6,337892
2021,132,5,337897
2021,131,4,337901
2021,130,0,337901
2021,129,4,337905
2021,128,4,337909
2021,127,5,337914
2021,126,6,337920
2021,125,2,337922
2021,124,5,337927
2021,123,4,337931
2021,122,0,337931
2021,121,5,337936
2021,120,1,337937
2021,119,3,337940
2021,118,5,337945
2021,117,3,337948
2021,116,1,337949
2021,115,4,337953
2021,114,4,337957
2021,113,3,337960
2021,112,1,337961
2021,111,4,337965
2021,110,2,337967
2021,109,1,337968
2021,108,2,337970
2021,107,2,337972
2021,106,3,337975
2021,105,0,337975
2021,104,3,337978
2021,103,4,337982
2021,102,2,337984
2021,101,3,337987
2021,100,1,337988
2022,700,6,6
2022,699,3,9
2022,698,1,10
2022,697,1,11
2022,696,2,13
2022,695,0,13
2022,694,4,17
2022,693,5,22
2022,692,3,25
2022,691,2,27
2022,690,10,37
2022,689,4,41
2022,688,5,46
2022,687,7,53
2022,686,10,63
2022,685,10,73
2022,684,13,86
2022,683,11,97
2022,682,12,109
2022,681,16,125
2022,680,11,136
2022,679,17,153
2022,678,19,172
2022,677,22,194
2022,676,30,224
2022,675,27,251
2022,674,30,281
2022,673,41,322
2022,672,31,353
2022,671,32,385
2022,670,38,423
2022,669,33,456
2022,668,46,502
2022,667,59,561
2022,666,54,615
2022,665,67,682
2022,664,48,730
2022,663,64,794
2022,662,78,872
2022,661,70,942
2022,660,80,1022
2022,659,107,1129
2022,658,94,1223
2022,657,96,1319
2022,656,107,1426
2022,655,100,1526
2022,654,122,1648
2022,653,123,1771
2022,652,135,1906
2022,651,139,2045
2022,650,166,2211
2022,649,142,2353
2022,648,129,2482
2022,647,156,2638
2022,646,173,2811
2022,645,144,2955
2022,644,197,3152
2022,643,201,3353
2022,642,226,3579
2022,641,220,3799
2022,640,207,4006
2022,639,237,4243
2022,638,239,4482
2022,637,239,4721
2022,636,284,5005
2022,635,275,5280
2022,634,284,5564
2022,633,266,5830
2022,632,306,6136
2022,631,324,6460
2022,630,343,6803
2022,629,315,7118
2022,628,349,7467
2022,627,366,7833
2022,626,355,8188
2022,625,377,8565
2022,624,384,8949
2022,623,414,9363
2022,622,392,9755
2022,621,453,10208
2022,620,429,10637
2022,619,418,11055
2022,618,433,11488
2022,617,484,11972
2022,616,481,12453
2022,615,515,12968
2022,614,513,13481
2022,613,534,14015
2022,612,528,14543
2022,611,512,15055
2022,610,579,15634
2022,609,601,16235
2022,608,586,16821
2022,607,651,17472
2022,606,620,18092
2022,605,632,18724
2022,604,648,19372
2022,603,668,20040
2022,602,646,20686
2022,601,652,21338
2022,600,734,22072
2022,599,701,22773
2022,598,768,23541
2022,597,723,24264
2022,596,742,25006
2022,595,711,25717
2022,594,775,26492
2022,593,754,27246
2022,592,797,28043
2022,591,774,28817
2022,590,817,29634
2022,589,815,30449
2022,588,837,31286
2022,587,819,32105
2022,586,887,32992
2022,585,878,33870
2022,584,853,34723
2022,583,874,35597
2022,582,863,36460
2022,581,926,37386
2022,580,915,38301
2022,579,897,39198
2022,578,957,40155
2022,577,979,41134
2022,576,982,42116
2022,575,986,43102
2022,574,952,44054
2022,573,1012,45066
2022,572,1024,46090
2022,571,1014,47104
2022,570,1052,48156
2022,569,1105,49261
2022,568,1065,50326
2022,567,1076,51402
2022,566,1071,52473
2022,565,1102,53575
2022,564,1134,54709
2022,563,1109,55818
2022,562,1092,56910
2022,561,1148,58058
2022,560,1116,59174
2022,559,1182,60356
2022,558,1127,61483
2022,557,1174,62657
2022,556,1171,63828
2022,555,1174,65002
2022,554,1268,66270
2022,553,1245,67515
2022,552,1226,68741
2022,551,1227,69968
2022,550,1234,71202
2022,549,1243,72445
2022,548,1327,73772
2022,547,1249,75021
2022,546,1330,76351
2022,545,1294,77645
2022,544,1286,78931
2022,543,1252,80183
2022,542,1284,81467
2022,541,1308,82775
2022,540,1343,84118
2022,539,1352,85470
2022,538,1361,86831
2022,537,1443,88274
2022,536,1360,89634
2022,535,1396,91030
2022,534,1369,92399
2022,533,1426,93825
2022,532,1376,95201
2022,531,1530,96731
2022,530,1425,98156
2022,529,1425,99581
2022,528,1429,101010
2022,527,1376,102386
2022,526,1434,103820
2022,525,1429,105249
2022,524,1455,106704
2022,523,1483,108187
2022,522,1545,109732
2022,521,1433,111165
2022,520,1410,112575
2022,519,1484,114059
2022,518,1472,115531
2022,517,1528,117059
2022,516,1516,118575
2022,515,1474,120049
2022,514,1559,121608
2022,513,1477,123085
2022,512,1420,124505
2022,511,1575,126080
2022,510,1641,127721
2022,509,1499,129220
2022,508,1530,130750
2022,507,1572,132322
2022,506,1581,133903
2022,505,1597,135500
2022,504,1564,137064
2022,503,1530,138594
2022,502,1557,140151
2022,501,1567,141718
2022,500,1553,143271
2022,499,1586,144857
2022,498,1575,146432
2022,497,1603,148035
2022,496,1543,149578
2022,495,1593,151171
2022,494,1621,152792
2022,493,1673,154465
2022,492,1709,156174
2022,491,1592,157766
2022,490,1538,159304
2022,489,1640,160944
2022,488,1658,162602
2022,487,1650,164252
2022,486,1607,165859
2022,485,1636,167495
2022,484,1699,169194
2022,483,1667,170861
2022,482,1662,172523
2022,481,1614,174137
2022,480,1676,175813
2022,479,1626,177439
2022,478,1716,179155
2022,477,1661,180816
2022,476,1659,182475
2022,475,1724,184199
2022,474,1632,185831
2022,473,1657,187488
2022,472,1694,189182
2022,471,1678,190860
2022,470,1651,192511
2022,469,1645,194156
2022,468,1748,195904
2022,467,1641,197545
2022,466,1626,199171
2022,465,1642,200813
2022,464,1676,202489
2022,463,1625,204114
2022,462,1540,205654
2022,461,1691,207345
2022,460,1663,209008
2022,459,1620,210628
2022,458,1676,212304
2022,457,1632,213936
2022,456,1599,215535
2022,455,1670,217205
2022,454,1605,218810
2022,453,1647,220457
2022,452,1569,222026
2022,451,1585,223611
2022,450,1613,225224
2022,449,1603,226827
2022,448,1645,228472
2022,447,1613,230085
2022,446,1577,231662
2022,445,1577,233239
2022,444,1564,234803
2022,443,1580,236383
2022,442,1615,237998
2022,441,1511,239509
2022,440,1505,241014
2022,439,1512,242526
2022,438,1552,244078
2022,437,1541,245619
2022,436,1498,247117
2022,435,1500,248617
2022,434,1539,250156
2022,433,1549,251705
2022,432,1449,253154
2022,431,1498,254652
2022,430,1466,256118
2022,429,1516,257634
2022,428,1451,259085
2022,427,1434,260519
2022,426,1366,261885
2022,425,1407,263292
2022,424,1409,264701
2022,423,1381,266082
2022,422,1323,267405
2022,421,1437,268842
2022,420,1369,270211
2022,419,1358,271569
2022,418,1278,272847
2022,417,1279,274126
2022,416,1321,275447
2022,415,1317,276764
2022,414,1291,278055
2022,413,1333,279388
2022,412,1307,280695
2022,411,1312,282007
2022,410,1301,283308
2022,409,1216,284524
2022,408,1235,285759
2022,407,1238,286997
2022,406,1227,288224
2022,405,1214,289438
2022,404,1159,290597
2022,403,1225,291822
2022,402,1169,292991
2022,401,1254,294245
2022,400,1256,295501
2022,399,1178,296679
2022,398,1084,297763
2022,397,1180,298943
2022,396,1154,300097
2022,395,1133,301230
2022,394,1107,302337
2022,393,1067,303404
2022,392,1072,304476
2022,391,1076,305552
2022,390,1059,306611
2022,389,1038,307649
2022,388,1079,308728
2022,387,1042,309770
2022,386,1074,310844
2022,385,1037,311881
2022,384,1039,312920
2022,383,1051,313971
2022,382,974,314945
2022,381,1006,315951
2022,380,1003,316954
2022,379,915,317869
2022,378,1019,318888
2022,377,959,319847
2022,376,984,320831
2022,375,953,321784
2022,374,915,322699
2022,373,906,323605
2022,372,921,324526
2022,371,936,325462
2022,370,955,326417
2022,369,862,327279
2022,368,871,328150
2022,367,860,329010
2022,366,885,329895
2022,365,844,330739
2022,364,874,331613
2022,363,830,332443
2022,362,830,333273
2022,361,801,334074
2022,360,804,334878
2022,359,829,335707
2022,358,780,336487
2022,357,778,337265
2022,356,776,338041
2022,355,820,338861
2022,354,749,339610
2022,353,801,340411
2022,352,766,341177
2022,351,777,341954
2022,350,696,342650
2022,349,762,343412
2022,348,699,344111
2022,347,783,344894
2022,346,719,345613
2022,345,748,346361
2022,344,707,347068
2022,343,696,347764
2022,342,690,348454
2022,341,718,349172
2022,340,688,349860
2022,339,674,350534
2022,338,719,351253
2022,337,665,351918
2022,336,653,352571
2022,335,650,353221
2022,334,664,353885
2022,333,682,354567
2022,332,661,355228
2022,331,600,355828
2022,330,633,356461
2022,329,641,357102
2022,328,608,357710
2022,327,631,358341
2022,326,632,358973
2022,325,636,359609
2022,324,592,360201
2022,323,620,360821
2022,322,569,361390
2022,321,555,361945
2022,320,606,362551
2022,319,635,363186
2022,318,577,363763
2022,317,599,364362
2022,316,533,364895
2022,315,538,365433
2022,314,540,365973
2022,313,583,366556
2022,312,524,367080
2022,311,528,367608
2022,310,539,368147
2022,309,553,368700
2022,308,522,369222
2022,307,509,369731
2022,306,540,370271
2022,305,514,370785
2022,304,502,371287
2022,303,508,371795
2022,302,471,372266
2022,301,495,372761
2022,300,482,373243
2022,299,432,373675
2022,298,467,374142
2022,297,471,374613
2022,296,457,375070
2022,295,476,375546
2022,294,480,376026
2022,293,431,376457
2022,292,452,376909
2022,291,428,377337
2022,290,439,377776
2022,289,446,378222
2022,288,406,378628
2022,287,439,379067
2022,286,390,379457
2022,285,389,379846
2022,284,457,380303
2022,283,411,380714
2022,282,396,381110
2022,281,415,381525
2022,280,396,381921
2022,279,426,382347
2022,278,337,382684
2022,277,371,383055
2022,276,396,383451
2022,275,341,383792
2022,274,360,384152
2022,273,399,384551
2022,272,385,384936
2022,271,346,385282
2022,270,342,385624
2022,269,369,385993
2022,268,359,386352
2022,267,312,386664
2022,266,307,386971
2022,265,298,387269
2022,264,307,387576
2022,263,304,387880
2022,262,303,388183
2022,261,286,388469
2022,260,272,388741
2022,259,250,388991
2022,258,279,389270
2022,257,298,389568
2022,256,300,389868
2022,255,270,390138
2022,254,265,390403
2022,253,270,390673
2022,252,219,390892
2022,251,253,391145
2022,250,247,391392
2022,249,231,391623
2022,248,202,391825
2022,247,222,392047
2022,246,212,392259
2022,245,198,392457
2022,244,189,392646
2022,243,192,392838
2022,242,202,393040
2022,241,207,393247
2022,240,191,393438
2022,239,187,393625
2022,238,199,393824
2022,237,191,394015
2022,236,189,394204
2022,235,162,394366
2022,234,176,394542
2022,233,155,394697
2022,232,146,394843
2022,231,145,394988
2022,230,123,395111
2022,229,141,395252
2022,228,123,395375
2022,227,148,395523
2022,226,109,395632
2022,225,119,395751
2022,224,135,395886
2022,223,107,395993
2022,222,100,396093
2022,221,106,396199
2022,220,107,396306
2022,219,90,396396
2022,218,87,396483
2022,217,83,396566
2022,216,83,396649
2022,215,93,396742
2022,214,105,396847
2022,213,75,396922
2022,212,82,397004
2022,211,77,397081
2022,210,69,397150
2022,209,74,397224
2022,208,81,397305
2022,207,67,397372
2022,206,50,397422
2022,205,51,397473
2022,204,48,397521
2022,203,56,397577
2022,202,52,397629
2022,201,55,397684
2022,200,46,397730
2022,199,44,397774
2022,198,43,397817
2022,197,54,397871
2022,196,42,397913
2022,195,40,397953
2022,194,43,397996
2022,193,33,398029
2022,192,41,398070
2022,191,45,398115
2022,190,38,398153
2022,189,37,398190
2022,188,37,398227
2022,187,32,398259
2022,186,29,398288
2022,185,30,398318
2022,184,34,398352
2022,183,30,398382
2022,182,34,398416
2022,181,33,398449
2022,180,25,398474
2022,179,31,398505
2022,178,31,398536
2022,177,20,398556
2022,176,20,398576
2022,175,21,398597
2022,174,28,398625
2022,173,26,398651
2022,172,23,398674
2022,171,19,398693
2022,170,20,398713
2022,169,14,398727
2022,168,9,398736
2022,167,14,398750
2022,166,24,398774
2022,165,20,398794
2022,164,19,398813
2022,163,10,398823
2022,162,18,398841
2022,161,15,398856
2022,160,7,398863
2022,159,12,398875
2022,158,15,398890
2022,157,13,398903
2022,156,14,398917
2022,155,8,398925
2022,154,14,398939
2022,153,14,398953
2022,152,11,398964
2022,151,8,398972
2022,150,7,398979
2022,149,6,398985
2022,148,9,398994
2022,147,9,399003
2022,146,11,399014
2022,145,8,399022
2022,144,13,399035
2022,143,6,399041
2022,142,10,399051
2022,141,7,399058
2022,140,4,399062
2022,139,7,399069
2022,138,6,399075
2022,137,7,399082
2022,136,4,399086
2022,135,3,399089
2022,134,5,399094
2022,133,5,399099
2022,132,9,399108
2022,131,5,399113
2022,130,3,399116
2022,129,7,399123
2022,128,4,399127
2022,127,3,399130
2022,126,3,399133
2022,125,7,399140
2022,124,2,399142
2022,123,3,399145
2022,122,4,399149
2022,121,3,399152
2022,120,1,399153
2022,119,2,399155
2022,118,3,399158
2022,117,6,399164
2022,116,2,399166
2022,115,1,399167
2022,114,5,399172
2022,113,1,399173
2022,112,5,399178
2022,111,3,399181
2022,110,0,399181
2022,109,4,399185
2022,108,2,399187
2022,107,3,399190
2022,106,3,399193
2022,105,2,399195
2022,104,3,399198
2022,103,8,399206
2022,102,3,399209
2022,101,5,399214
2022,100,2,399216
2023,700,27,27
2023,699,8,35
2023,698,4,39
2023,697,6,45
2023,696,12,57
2023,695,14,71
2023,694,14,85
2023,693,11,96
2023,692,15,111
2023,691,13,124
2023,690,18,142
2023,689,19,161
2023,688,20,181
2023,687,19,200
2023,686,27,227
2023,685,27,254
2023,684,38,292
2023,683,42,334
2023,682,28,362
2023,681,40,402
2023,680,50,452
2023,679,38,490
2023,678,43,533
2023,677,61,594
2023,676,48,642
2023,675,65,707
2023,674,74,781
2023,673,55,836
2023,672,75,911
2023,671,73,984
2023,670,83,1067
2023,669,91,1158
2023,668,84,1242
2023,667,112,1354
2023,666,111,1465
2023,665,98,1563
2023,664,92,1655
2023,663,126,1781
2023,662,120,1901
2023,661,139,2040
2023,660,154,2194
2023,659,179,2373
2023,658,152,2525
2023,657,171,2696
2023,656,177,2873
2023,655,168,3041
2023,654,190,3231
2023,653,196,3427
2023,652,202,3629
2023,651,230,3859
2023,650,225,4084
2023,649,250,4334
2023,648,246,4580
2023,647,248,4828
2023,646,264,5092
2023,645,252,5344
2023,644,276,5620
2023,643,266,5886
2023,642,297,6183
2023,641,300,6483
2023,640,318,6801
2023,639,322,7123
2023,638,304,7427
2023,637,365,7792
2023,636,363,8155
2023,635,382,8537
2023,634,365,8902
2023,633,373,9275
2023,632,390,9665
2023,631,392,10057
2023,630,405,10462
2023,629,449,10911
2023,628,417,11328
2023,627,434,11762
2023,626,466,12228
2023,625,453,12681
2023,624,460,13141
2023,623,462,13603
2023,622,481,14084
2023,621,469,14553
2023,620,472,15025
2023,619,490,15515
2023,618,500,16015
2023,617,536,16551
2023,616,503,17054
2023,615,578,17632
2023,614,530,18162
2023,613,543,18705
2023,612,561,19266
2023,611,631,19897
2023,610,584,20481
2023,609,597,21078
2023,608,647,21725
2023,607,662,22387
2023,606,686,23073
2023,605,674,23747
2023,604,676,24423
2023,603,684,25107
2023,602,675,25782
2023,601,684,26466
2023,600,702,27168
2023,599,768,27936
2023,598,709,28645
2023,597,746,29391
2023,596,723,30114
2023,595,773,30887
2023,594,771,31658
2023,593,789,32447
2023,592,783,33230
2023,591,811,34041
2023,590,830,34871
2023,589,848,35719
2023,588,870,36589
2023,587,861,37450
2023,586,821,38271
2023,585,877,39148
2023,584,875,40023
2023,583,894,40917
2023,582,917,41834
2023,581,863,42697
2023,580,911,43608
2023,579,853,44461
2023,578,942,45403
2023,577,922,46325
2023,576,1012,47337
2023,575,959,48296
2023,574,960,49256
2023,573,972,50228
2023,572,1027,51255
2023,571,1025,52280
2023,570,990,53270
2023,569,993,54263
2023,568,1033,55296
2023,567,1072,56368
2023,566,1013,57381
2023,565,1016,58397
2023,564,1033,59430
2023,563,1032,60462
2023,562,1096,61558
2023,561,1126,62684
2023,560,1093,63777
2023,559,1103,64880
2023,558,1120,66000
2023,557,1188,67188
2023,556,1072,68260
2023,555,1130,69390
2023,554,1163,70553
2023,553,1198,71751
2023,552,1165,72916
2023,551,1175,74091
2023,550,1151,75242
2023,549,1217,76459
2023,548,1164,77623
2023,547,1229,78852
2023,546,1235,80087
2023,545,1141,81228
2023,544,1280,82508
2023,543,1221,83729
2023,542,1287,85016
2023,541,1285,86301
2023,540,1218,87519
2023,539,1278,88797
2023,538,1272,90069
2023,537,1293,91362
2023,536,1269,92631
2023,535,1257,93888
2023,534,1297,95185
2023,533,1320,96505
2023,532,1337,97842
2023,531,1343,99185
2023,530,1363,100548
2023,529,1341,101889
2023,528,1346,103235
2023,527,1330,104565
2023,526,1382,105947
2023,525,1328,107275
2023,524,1355,108630
2023,523,1375,110005
2023,522,1405,111410
2023,521,1325,112735
2023,520,1390,114125
2023,519,1428,115553
2023,518,1348,116901
2023,517,1424,118325
2023,516,1367,119692
2023,515,1454,121146
2023,514,1343,122489
2023,513,1388,123877
2023,512,1419,125296
2023,511,1456,126752
2023,510,1419,128171
2023,509,1441,129612
2023,508,1442,131054
2023,507,1448,132502
2023,506,1413,133915
2023,505,1435,135350
2023,504,1516,136866
2023,503,1461,138327
2023,502,1504,139831
2023,501,1426,141257
2023,500,1448,142705
2023,499,1445,144150
2023,498,1444,145594
2023,497,1453,147047
2023,496,1549,148596
2023,495,1511,150107
2023,494,1458,151565
2023,493,1485,153050
2023,492,1491,154541
2023,491,1458,155999
2023,490,1533,157532
2023,489,1496,159028
2023,488,1478,160506
2023,487,1497,162003
2023,486,1473,163476
2023,485,1515,164991
2023,484,1496,166487
2023,483,1583,168070
2023,482,1473,169543
2023,481,1614,171157
2023,480,1503,172660
2023,479,1596,174256
2023,478,1557,175813
2023,477,1460,177273
2023,476,1485,178758
2023,475,1521,180279
2023,474,1582,181861
2023,473,1560,183421
2023,472,1563,184984
2023,471,1611,186595
2023,470,1537,188132
2023,469,1634,189766
2023,468,1488,191254
2023,467,1553,192807
2023,466,1509,194316
2023,465,1518,195834
2023,464,1577,197411
2023,463,1625,199036
2023,462,1568,200604
2023,461,1436,202040
2023,460,1591,203631
2023,459,1513,205144
2023,458,1602,206746
2023,457,1555,208301
2023,456,1603,209904
2023,455,1589,211493
2023,454,1589,213082
2023,453,1526,214608
2023,452,1545,216153
2023,451,1595,217748
2023,450,1523,219271
2023,449,1534,220805
2023,448,1469,222274
2023,447,1517,223791
2023,446,1531,225322
2023,445,1619,226941
2023,444,1578,228519
2023,443,1490,230009
2023,442,1511,231520
2023,441,1593,233113
2023,440,1521,234634
2023,439,1465,236099
2023,438,1523,237622
2023,437,1502,239124
2023,436,1519,240643
2023,435,1481,242124
2023,434,1454,243578
2023,433,1495,245073
2023,432,1547,246620
2023,431,1502,248122
2023,430,1469,249591
2023,429,1456,251047
2023,428,1482,252529
2023,427,1468,253997
2023,426,1440,255437
2023,425,1459,256896
2023,424,1466,258362
2023,423,1408,259770
2023,422,1357,261127
2023,421,1452,262579
2023,420,1440,264019
2023,419,1412,265431
2023,418,1336,266767
2023,417,1318,268085
2023,416,1440,269525
2023,415,1366,270891
2023,414,1344,272235
2023,413,1390,273625
2023,412,1390,275015
2023,411,1355,276370
2023,410,1291,277661
2023,409,1354,279015
2023,408,1354,280369
2023,407,1266,281635
2023,406,1255,282890
2023,405,1307,284197
2023,404,1333,285530
2023,403,1302,286832
2023,402,1312,288144
2023,401,1325,289469
2023,400,1246,290715
2023,399,1177,291892
2023,398,1247,293139
2023,397,1289,294428
2023,396,1254,295682
2023,395,1242,296924
2023,394,1227,298151
2023,393,1187,299338
2023,392,1174,300512
2023,391,1183,301695
2023,390,1237,302932
2023,389,1180,304112
2023,388,1218,305330
2023,387,1135,306465
2023,386,1083,307548
2023,385,1101,308649
2023,384,1160,309809
2023,383,1058,310867
2023,382,1125,311992
2023,381,1075,313067
2023,380,1083,314150
2023,379,1112,315262
2023,378,1055,316317
2023,377,1100,317417
2023,376,1112,318529
2023,375,1000,319529
2023,374,1021,320550
2023,373,1012,321562
2023,372,1048,322610
2023,371,1013,323623
2023,370,966,324589
2023,369,1059,325648
2023,368,1021,326669
2023,367,974,327643
2023,366,958,328601
2023,365,987,329588
2023,364,927,330515
2023,363,957,331472
2023,362,932,332404
2023,361,901,333305
2023,360,941,334246
2023,359,917,335163
2023,358,947,336110
2023,357,940,337050
2023,356,873,337923
2023,355,837,338760
2023,354,912,339672
2023,353,821,340493
2023,352,881,341374
2023,351,808,342182
2023,350,929,343111
2023,349,892,344003
2023,348,823,344826
2023,347,810,345636
2023,346,798,346434
2023,345,831,347265
2023,344,820,348085
2023,343,769,348854
2023,342,859,349713
2023,341,805,350518
2023,340,815,351333
2023,339,756,352089
2023,338,809,352898
2023,337,721,353619
2023,336,693,354312
2023,335,734,355046
2023,334,761,355807
2023,333,746,356553
2023,332,713,357266
2023,331,741,358007
2023,330,707,358714
2023,329,700,359414
2023,328,719,360133
2023,327,673,360806
2023,326,684,361490
2023,325,700,362190
2023,324,673,362863
2023,323,684,363547
2023,322,624,364171
2023,321,664,364835
2023,320,633,365468
2023,319,650,366118
2023,318,677,366795
2023,317,607,367402
2023,316,643,368045
2023,315,642,368687
2023,314,611,369298
2023,313,600,369898
2023,312,610,370508
2023,311,646,371154
2023,310,604,371758
2023,309,611,372369
2023,308,587,372956
2023,307,613,373569
2023,306,570,374139
2023,305,578,374717
2023,304,524,375241
2023,303,536,375777
2023,302,549,376326
2023,301,593,376919
2023,300,548,377467
2023,299,549,378016
2023,298,541,378557
2023,297,545,379102
2023,296,533,379635
2023,295,517,380152
2023,294,528,380680
2023,293,548,381228
2023,292,524,381752
2023,291,476,382228
2023,290,472,382700
2023,289,492,383192
2023,288,497,383689
2023,287,427,384116
2023,286,495,384611
2023,285,482,385093
2023,284,488,385581
2023,283,458,386039
2023,282,426,386465
2023,281,500,386965
2023,280,480,387445
2023,279,486,387931
2023,278,485,388416
2023,277,435,388851
2023,276,413,389264
2023,275,444,389708
2023,274,441,390149
2023,273,404,390553
2023,272,432,390985
2023,271,376,391361
2023,270,419,391780
2023,269,390,392170
2023,268,415,392585
2023,267,391,392976
2023,266,371,393347
2023,265,369,393716
2023,264,396,394112
2023,263,389,394501
2023,262,383,394884
2023,261,388,395272
2023,260,321,395593
2023,259,371,395964
2023,258,362,396326
2023,257,334,396660
2023,256,321,396981
2023,255,328,397309
2023,254,293,397602
2023,253,320,397922
2023,252,319,398241
2023,251,307,398548
2023,250,343,398891
2023,249,282,399173
2023,248,303,399476
2023,247,267,399743
2023,246,260,400003
2023,245,311,400314
2023,244,288,400602
2023,243,271,400873
2023,242,269,401142
2023,241,269,401411
2023,240,257,401668
2023,239,256,401924
2023,238,250,402174
2023,237,222,402396
2023,236,206,402602
2023,235,225,402827
2023,234,209,403036
2023,233,235,403271
2023,232,194,403465
2023,231,187,403652
2023,230,191,403843
2023,229,173,404016
2023,228,189,404205
2023,227,190,404395
2023,226,158,404553
2023,225,152,404705
2023,224,152,404857
2023,223,156,405013
2023,222,140,405153
2023,221,150,405303
2023,220,148,405451
2023,219,141,405592
2023,218,132,405724
2023,217,119,405843
2023,216,114,405957
2023,215,127,406084
2023,214,112,406196
2023,213,110,406306
2023,212,97,406403
2023,211,110,406513
2023,210,91,406604
2023,209,116,406720
2023,208,95,406815
2023,207,107,406922
2023,206,79,407001
2023,205,92,407093
2023,204,72,407165
2023,203,72,407237
2023,202,91,407328
2023,201,65,407393
2023,200,71,407464
2023,199,79,407543
2023,198,71,407614
2023,197,60,407674
2023,196,52,407726
2023,195,61,407787
2023,194,70,407857
2023,193,55,407912
2023,192,45,407957
2023,191,48,408005
2023,190,64,408069
2023,189,48,408117
2023,188,50,408167
2023,187,56,408223
2023,186,52,408275
2023,185,46,408321
2023,184,41,408362
2023,183,32,408394
2023,182,52,408446
2023,181,30,408476
2023,180,39,408515
2023,179,39,408554
2023,178,55,408609
2023,177,46,408655
2023,176,32,408687
2023,175,30,408717
2023,174,18,408735
2023,173,26,408761
2023,172,30,408791
2023,171,27,408818
2023,170,24,408842
2023,169,27,408869
2023,168,23,408892
2023,167,23,408915
2023,166,15,408930
2023,165,24,408954
2023,164,26,408980
2023,163,20,409000
2023,162,19,409019
2023,161,21,409040
2023,160,21,409061
2023,159,16,409077
2023,158,23,409100
2023,157,22,409122
2023,156,20,409142
2023,155,7,409149
2023,154,17,409166
2023,153,17,409183
2023,152,18,409201
2023,151,17,409218
2023,150,9,409227
2023,149,10,409237
2023,148,14,409251
2023,147,10,409261
2023,146,13,409274
2023,145,14,409288
2023,144,14,409302
2023,143,8,409310
2023,142,12,409322
2023,141,15,409337
2023,140,10,409347
2023,139,13,409360
2023,138,7,409367
2023,137,9,409376
2023,136,5,409381
2023,135,12,409393
2023,134,8,409401
2023,133,10,409411
2023,132,11,409422
2023,131,7,409429
2023,130,8,409437
2023,129,5,409442
2023,128,4,409446
2023,127,10,409456
2023,126,7,409463
2023,125,6,409469
2023,124,6,409475
2023,123,5,409480
2023,122,6,409486
2023,121,9,409495
2023,120,3,409498
2023,119,6,409504
2023,118,8,409512
2023,117,1,409513
2023,116,5,409518
2023,115,5,409523
2023,114,4,409527
2023,113,3,409530
2023,112,4,409534
2023,111,7,409541
2023,110,3,409544
2023,109,10,409554
2023,108,4,409558
2023,107,4,409562
2023,106,5,409567
2023,105,7,409574
2023,104,5,409579
2023,103,9,409588
2023,102,2,409590
2023,101,9,409599
2023,100,5,409604
2024,695,31,31
2024,694,10,41
2024,693,6,47
2024,692,9,56
2024,691,6,62
2024,690,11,73
2024,689,12,85
2024,688,15,100
2024,687,14,114
2024,686,12,126
2024,685,12,138
2024,684,15,153
2024,683,15,168
2024,682,28,196
2024,681,14,210
2024,680,35,245
2024,679,27,272
2024,678,23,295
2024,677,44,339
2024,676,38,377
2024,675,51,428
2024,674,52,480
2024,673,51,531
2024,672,59,590
2024,671,44,634
2024,670,60,694
2024,669,65,759
2024,668,64,823
2024,667,78,901
2024,666,81,982
2024,665,74,1056
2024,664,85,1141
2024,663,87,1228
2024,662,96,1324
2024,661,105,1429
2024,660,116,1545
2024,659,112,1657
2024,658,99,1756
2024,657,118,1874
2024,656,125,1999
2024,655,138,2137
2024,654,131,2268
2024,653,142,2410
2024,652,145,2555
2024,651,146,2701
2024,650,151,2852
2024,649,162,3014
2024,648,162,3176
2024,647,193,3369
2024,646,205,3574
2024,645,203,3777
2024,644,205,3982
2024,643,211,4193
2024,642,233,4426
2024,641,251,4677
2024,640,271,4948
2024,639,249,5197
2024,638,257,5454
2024,637,262,5716
2024,636,244,5960
2024,635,257,6217
2024,634,265,6482
2024,633,275,6757
2024,632,305,7062
2024,631,293,7355
2024,630,313,7668
2024,629,320,7988
2024,628,325,8313
2024,627,362,8675
2024,626,379,9054
2024,625,352,9406
2024,624,357,9763
2024,623,380,10143
2024,622,388,10531
2024,621,408,10939
2024,620,412,11351
2024,619,456,11807
2024,618,424,12231
2024,617,450,12681
2024,616,475,13156
2024,615,508,13664
2024,614,497,14161
2024,613,524,14685
2024,612,529,15214
2024,611,509,15723
2024,610,539,16262
2024,609,558,16820
2024,608,532,17352
2024,607,557,17909
2024,606,543,18452
2024,605,604,19056
2024,604,607,19663
2024,603,613,20276
2024,602,641,20917
2024,601,597,21514
2024,600,702,22216
2024,599,639,22855
2024,598,667,23522
2024,597,648,24170
2024,596,716,24886
2024,595,714,25600
2024,594,729,26329
2024,593,756,27085
2024,592,776,27861
2024,591,782,28643
2024,590,749,29392
2024,589,773,30165
2024,588,829,30994
2024,587,820,31814
2024,586,854,32668
2024,585,819,33487
2024,584,818,34305
2024,583,871,35176
2024,582,919,36095
2024,581,888,36983
2024,580,906,37889
2024,579,947,38836
2024,578,909,39745
2024,577,945,40690
2024,576,1030,41720
2024,575,1006,42726
2024,574,988,43714
2024,573,1007,44721
2024,572,1006,45727
2024,571,971,46698
2024,570,1038,47736
2024,569,1015,48751
2024,568,1034,49785
2024,567,1044,50829
2024,566,1094,51923
2024,565,1104,53027
2024,564,1107,54134
2024,563,1161,55295
2024,562,1126,56421
2024,561,1122,57543
2024,560,1212,58755
2024,559,1209,59964
2024,558,1205,61169
2024,557,1201,62370
2024,556,1184,63554
2024,555,1228,64782
2024,554,1242,66024
2024,553,1277,67301
2024,552,1266,68567
2024,551,1325,69892
2024,550,1293,71185
2024,549,1261,72446
2024,548,1279,73725
2024,547,1281,75006
2024,546,1339,76345
2024,545,1353,77698
2024,544,1331,79029
2024,543,1347,80376
2024,542,1383,81759
2024,541,1369,83128
2024,540,1371,84499
2024,539,1392,85891
2024,538,1452,87343
2024,537,1482,88825
2024,536,1523,90348
2024,535,1489,91837
2024,534,1529,93366
2024,533,1570,94936
2024,532,1502,96438
2024,531,1512,97950
2024,530,1530,99480
2024,529,1596,101076
2024,528,1529,102605
2024,527,1559,104164
2024,526,1526,105690
2024,525,1500,107190
2024,524,1535,108725
2024,523,1572,110297
2024,522,1615,111912
2024,521,1519,113431
2024,520,1635,115066
2024,519,1620,116686
2024,518,1594,118280
2024,517,1587,119867
2024,516,1623,121490
2024,515,1572,123062
2024,514,1642,124704
2024,513,1626,126330
2024,512,1658,127988
2024,511,1647,129635
2024,510,1694,131329
2024,509,1683,133012
2024,508,1697,134709
2024,507,1769,136478
2024,506,1713,138191
2024,505,1783,139974
2024,504,1765,141739
2024,503,1660,143399
2024,502,1707,145106
2024,501,1758,146864
2024,500,1797,148661
2024,499,1818,150479
2024,498,1775,152254
2024,497,1741,153995
2024,496,1780,155775
2024,495,1722,157497
2024,494,1726,159223
2024,493,1841,161064
2024,492,1722,162786
2024,491,1803,164589
2024,490,1823,166412
2024,489,1726,168138
2024,488,1844,169982
2024,487,1868,171850
2024,486,1781,173631
2024,485,1851,175482
2024,484,1907,177389
2024,483,1862,179251
2024,482,1765,181016
2024,481,1775,182791
2024,480,1794,184585
2024,479,1897,186482
2024,478,1785,188267
2024,477,1901,190168
2024,476,1840,192008
2024,475,1858,193866
2024,474,1828,195694
2024,473,1864,197558
2024,472,1851,199409
2024,471,1836,201245
2024,470,1749,202994
2024,469,1838,204832
2024,468,1869,206701
2024,467,1815,208516
2024,466,1982,210498
2024,465,1834,212332
2024,464,1794,214126
2024,463,1817,215943
2024,462,1840,217783
2024,461,1889,219672
2024,460,1790,221462
2024,459,1843,223305
2024,458,1809,225114
2024,457,1864,226978
2024,456,1782,228760
2024,455,1875,230635
2024,454,1765,232400
2024,453,1740,234140
2024,452,1824,235964
2024,451,1772,237736
2024,450,1800,239536
2024,449,1795,241331
2024,448,1860,243191
2024,447,1806,244997
2024,446,1805,246802
2024,445,1822,248624
2024,444,1754,250378
2024,443,1735,252113
2024,442,1682,253795
2024,441,1768,255563
2024,440,1787,257350
2024,439,1728,259078
2024,438,1703,260781
2024,437,1704,262485
2024,436,1735,264220
2024,435,1726,265946
2024,434,1677,267623
2024,433,1641,269264
2024,432,1680,270944
2024,431,1639,272583
2024,430,1611,274194
2024,429,1639,275833
2024,428,1633,277466
2024,427,1544,279010
2024,426,1622,280632
2024,425,1612,282244
2024,424,1570,283814
2024,423,1637,285451
2024,422,1646,287097
2024,421,1635,288732
2024,420,1560,290292
2024,419,1556,291848
2024,418,1583,293431
2024,417,1559,294990
2024,416,1507,296497
2024,415,1520,298017
2024,414,1471,299488
2024,413,1503,300991
2024,412,1479,302470
2024,411,1467,303937
2024,410,1438,305375
2024,409,1506,306881
2024,408,1500,308381
2024,407,1361,309742
2024,406,1403,311145
2024,405,1416,312561
2024,404,1427,313988
2024,403,1399,315387
2024,402,1427,316814
2024,401,1396,318210
2024,400,1412,319622
2024,399,1466,321088
2024,398,1348,322436
2024,397,1369,323805
2024,396,1355,325160
2024,395,1322,326482
2024,394,1289,327771
2024,393,1269,329040
2024,392,1264,330304
2024,391,1203,331507
2024,390,1255,332762
2024,389,1206,333968
2024,388,1262,335230
2024,387,1286,336516
2024,386,1296,337812
2024,385,1187,338999
2024,384,1214,340213
2024,383,1209,341422
2024,382,1168,342590
2024,381,1200,343790
2024,380,1142,344932
2024,379,1092,346024
2024,378,1135,347159
2024,377,1142,348301
2024,376,1093,349394
2024,375,1121,350515
2024,374,1113,351628
2024,373,1092,352720
2024,372,1077,353797
2024,371,1082,354879
2024,370,1095,355974
2024,369,1117,357091
2024,368,1050,358141
2024,367,1072,359213
2024,366,1015,360228
2024,365,1029,361257
2024,364,1033,362290
2024,363,1034,363324
2024,362,975,364299
2024,361,1092,365391
2024,360,940,366331
2024,359,994,367325
2024,358,1013,368338
2024,357,983,369321
2024,356,974,370295
2024,355,929,371224
2024,354,975,372199
2024,353,974,373173
2024,352,943,374116
2024,351,955,375071
2024,350,886,375957
2024,349,986,376943
2024,348,895,377838
2024,347,922,378760
2024,346,865,379625
2024,345,902,380527
2024,344,874,381401
2024,343,854,382255
2024,342,830,383085
2024,341,876,383961
2024,340,839,384800
2024,339,805,385605
2024,338,866,386471
2024,337,850,387321
2024,336,882,388203
2024,335,817,389020
2024,334,865,389885
2024,333,773,390658
2024,332,793,391451
2024,331,812,392263
2024,330,815,393078
2024,329,821,393899
2024,328,781,394680
2024,327,764,395444
2024,326,790,396234
2024,325,814,397048
2024,324,754,397802
2024,323,723,398525
2024,322,769,399294
2024,321,770,400064
2024,320,760,400824
2024,319,717,401541
2024,318,717,402258
2024,317,718,402976
2024,316,733,403709
2024,315,691,404400
2024,314,668,405068
2024,313,677,405745
2024,312,664,406409
2024,311,706,407115
2024,310,656,407771
2024,309,662,408433
2024,308,683,409116
2024,307,691,409807
2024,306,643,410450
2024,305,644,411094
2024,304,640,411734
2024,303,673,412407
2024,302,660,413067
2024,301,594,413661
2024,300,607,414268
2024,299,623,414891
2024,298,592,415483
2024,297,652,416135
2024,296,624,416759
2024,295,614,417373
2024,294,550,417923
2024,293,597,418520
2024,292,573,419093
2024,291,542,419635
2024,290,581,420216
2024,289,580,420796
2024,288,559,421355
2024,287,570,421925
2024,286,505,422430
2024,285,549,422979
2024,284,603,423582
2024,283,531,424113
2024,282,536,424649
2024,281,578,425227
2024,280,538,425765
2024,279,546,426311
2024,278,541,426852
2024,277,494,427346
2024,276,524,427870
2024,275,488,428358
2024,274,493,428851
2024,273,500,429351
2024,272,515,429866
2024,271,457,430323
2024,270,442,430765
2024,269,472,431237
2024,268,465,431702
2024,267,456,432158
2024,266,449,432607
2024,265,446,433053
2024,264,459,433512
2024,263,404,433916
2024,262,430,434346
2024,261,463,434809
2024,260,413,435222
2024,259,412,435634
2024,258,430,436064
2024,257,414,436478
2024,256,414,436892
2024,255,385,437277
2024,254,374,437651
2024,253,372,438023
2024,252,420,438443
2024,251,370,438813
2024,250,359,439172
2024,249,351,439523
2024,248,351,439874
2024,247,334,440208
2024,246,361,440569
2024,245,307,440876
2024,244,294,441170
2024,243,325,441495
2024,242,279,441774
2024,241,309,442083
2024,240,285,442368
2024,239,239,442607
2024,238,283,442890
2024,237,300,443190
2024,236,261,443451
2024,235,259,443710
2024,234,242,443952
2024,233,251,444203
2024,232,222,444425
2024,231,211,444636
2024,230,213,444849
2024,229,230,445079
2024,228,218,445297
2024,227,178,445475
2024,226,185,445660
2024,225,199,445859
2024,224,174,446033
2024,223,186,446219
2024,222,179,446398
2024,221,137,446535
2024,220,155,446690
2024,219,170,446860
2024,218,123,446983
2024,217,144,447127
2024,216,133,447260
2024,215,145,447405
2024,214,126,447531
2024,213,114,447645
2024,212,119,447764
2024,211,106,447870
2024,210,115,447985
2024,209,106,448091
2024,208,85,448176
2024,207,84,448260
2024,206,84,448344
2024,205,83,448427
2024,204,86,448513
2024,203,81,448594
2024,202,80,448674
2024,201,64,448738
2024,200,66,448804
2024,199,72,448876
2024,198,67,448943
2024,197,62,449005
2024,196,58,449063
2024,195,42,449105
2024,194,63,449168
2024,193,45,449213
2024,192,63,449276
2024,191,46,449322
2024,190,46,449368
2024,189,40,449408
2024,188,52,449460
2024,187,50,449510
2024,186,38,449548
2024,185,39,449587
2024,184,46,449633
2024,183,38,449671
2024,182,27,449698
2024,181,36,449734
2024,180,35,449769
2024,179,30,449799
2024,178,38,449837
2024,177,33,449870
2024,176,38,449908
2024,175,37,449945
2024,174,33,449978
2024,173,28,450006
2024,172,36,450042
2024,171,30,450072
2024,170,31,450103
2024,169,31,450134
2024,168,35,450169
2024,167,25,450194
2024,166,27,450221
2024,165,21,450242
2024,164,26,450268
2024,163,16,450284
2024,162,22,450306
2024,161,15,450321
2024,160,30,450351
2024,159,18,450369
2024,158,29,450398
2024,157,23,450421
2024,156,19,450440
2024,155,22,450462
2024,154,17,450479
2024,153,23,450502
2024,152,15,450517
2024,151,7,450524
2024,150,13,450537
2024,149,15,450552
2024,148,14,450566
2024,147,17,450583
2024,146,16,450599
2024,145,4,450603
2024,144,8,450611
2024,143,20,450631
2024,142,10,450641
2024,141,15,450656
2024,140,10,450666
2024,139,10,450676
2024,138,10,450686
2024,137,8,450694
2024,136,10,450704
2024,135,8,450712
2024,134,12,450724
2024,133,5,450729
2024,132,7,450736
2024,131,10,450746
2024,130,6,450752
2024,129,10,450762
2024,128,9,450771
2024,127,5,450776
2024,126,10,450786
2024,125,4,450790
2024,124,11,450801
2024,123,10,450811
2024,122,7,450818
2024,121,3,450821
2024,120,9,450830
2024,119,6,450836
2024,118,7,450843
2024,117,5,450848
2024,116,9,450857
2024,115,6,450863
2024,114,7,450870
2024,113,2,450872
2024,112,5,450877
2024,111,6,450883
2024,110,6,450889
2024,109,9,450898
2024,108,5,450903
2024,107,5,450908
2024,106,5,450913
2024,105,8,450921
2024,104,8,450929
2024,103,9,450938
2024,102,10,450948
2024,101,6,450954
2024,100,7,450961
2025,697,19,19
2025,696,13,32
2025,695,7,39
2025,694,8,47
2025,693,10,57
2025,692,12,69
2025,691,9,78
2025,690,9,87
2025,689,18,105
2025,688,28,133
2025,687,17,150
2025,686,26,176
2025,685,29,205
2025,684,32,237
2025,683,29,266
2025,682,29,295
2025,681,35,330
2025,680,47,377
2025,679,34,411
2025,678,51,462
2025,677,48,510
2025,676,50,560
2025,675,82,642
2025,674,79,721
2025,673,69,790
2025,672,80,870
2025,671,66,936
2025,670,67,1003
2025,669,94,1097
2025,668,85,1182
2025,667,97,1279
2025,666,97,1376
2025,665,96,1472
2025,664,106,1578
2025,663,123,1701
2025,662,124,1825
2025,661,123,1948
2025,660,141,2089
2025,659,143,2232
2025,658,140,2372
2025,657,157,2529
2025,656,168,2697
2025,655,148,2845
2025,654,198,3043
2025,653,187,3230
2025,652,153,3383
2025,651,202,3585
2025,650,207,3792
2025,649,214,4006
2025,648,220,4226
2025,647,212,4438
2025,646,237,4675
2025,645,249,4924
2025,644,242,5166
2025,643,282,5448
2025,642,286,5734
2025,641,270,6004
2025,640,291,6295
2025,639,308,6603
2025,638,356,6959
2025,637,358,7317
2025,636,342,7659
2025,635,356,8015
2025,634,345,8360
2025,633,370,8730
2025,632,372,9102
2025,631,372,9474
2025,630,376,9850
2025,629,392,10242
2025,628,428,10670
2025,627,391,11061
2025,626,431,11492
2025,625,472,11964
2025,624,468,12432
2025,623,476,12908
2025,622,468,13376
2025,621,497,13873
2025,620,505,14378
2025,619,517,14895
2025,618,513,15408
2025,617,563,15971
2025,616,522,16493
2025,615,558,17051
2025,614,571,17622
2025,613,583,18205
2025,612,613,18818
2025,611,597,19415
2025,610,621,20036
2025,609,646,20682
2025,608,640,21322
2025,607,723,22045
2025,606,663,22708
2025,605,697,23405
2025,604,686,24091
2025,603,667,24758
2025,602,750,25508
2025,601,720,26228
2025,600,760,26988
2025,599,778,27766
2025,598,765,28531
2025,597,805,29336
2025,596,795,30131
2025,595,793,30924
2025,594,836,31760
2025,593,891,32651
2025,592,872,33523
2025,591,820,34343
2025,590,815,35158
2025,589,864,36022
2025,588,907,36929
2025,587,911,37840
2025,586,943,38783
2025,585,982,39765
2025,584,1020,40785
2025,583,967,41752
2025,582,1000,42752
2025,581,1005,43757
2025,580,1035,44792
2025,579,1020,45812
2025,578,988,46800
2025,577,1068,47868
2025,576,1118,48986
2025,575,1091,50077
2025,574,1051,51128
2025,573,1116,52244
2025,572,1063,53307
2025,571,1235,54542
2025,570,1150,55692
2025,569,1218,56910
2025,568,1174,58084
2025,567,1270,59354
2025,566,1221,60575
2025,565,1261,61836
2025,564,1185,63021
2025,563,1269,64290
2025,562,1220,65510
2025,561,1279,66789
2025,560,1339,68128
2025,559,1284,69412
2025,558,1334,70746
2025,557,1331,72077
2025,556,1352,73429
2025,555,1354,74783
2025,554,1364,76147
2025,553,1407,77554
2025,552,1350,78904
2025,551,1415,80319
2025,550,1376,81695
2025,549,1449,83144
2025,548,1468,84612
2025,547,1523,86135
2025,546,1531,87666
2025,545,1542,89208
2025,544,1505,90713
2025,543,1501,92214
2025,542,1518,93732
2025,541,1560,95292
2025,540,1533,96825
2025,539,1565,98390
2025,538,1545,99935
2025,537,1576,101511
2025,536,1684,103195
2025,535,1560,104755
2025,534,1538,106293
2025,533,1588,107881
2025,532,1643,109524
2025,531,1690,111214
2025,530,1782,112996
2025,529,1681,114677
2025,528,1655,116332
2025,527,1628,117960
2025,526,1687,119647
2025,525,1738,121385
2025,524,1708,123093
2025,523,1815,124908
2025,522,1686,126594
2025,521,1695,128289
2025,520,1716,130005
2025,519,1766,131771
2025,518,1684,133455
2025,517,1729,135184
2025,516,1709,136893
2025,515,1727,138620
2025,514,1775,140395
2025,513,1809,142204
2025,512,1782,143986
2025,511,1783,145769
2025,510,1783,147552
2025,509,1832,149384
2025,508,1791,151175
2025,507,1842,153017
2025,506,1755,154772
2025,505,1867,156639
2025,504,1773,158412
2025,503,1824,160236
2025,502,1789,162025
2025,501,1733,163758
2025,500,1868,165626
2025,499,1849,167475
2025,498,1822,169297
2025,497,1931,171228
2025,496,1797,173025
2025,495,1756,174781
2025,494,1839,176620
2025,493,1796,178416
2025,492,1802,180218
2025,491,1745,181963
2025,490,1809,183772
2025,489,1916,185688
2025,488,1836,187524
2025,487,1866,189390
2025,486,1793,191183
2025,485,1748,192931
2025,484,1798,194729
2025,483,1742,196471
2025,482,1782,198253
2025,481,1771,200024
2025,480,1778,201802
2025,479,1762,203564
2025,478,1849,205413
2025,477,1832,207245
2025,476,1804,209049
2025,475,1801,210850
2025,474,1776,212626
2025,473,1840,214466
2025,472,1742,216208
2025,471,1746,217954
2025,470,1820,219774
2025,469,1806,221580
2025,468,1797,223377
2025,467,1763,225140
2025,466,1742,226882
2025,465,1725,228607
2025,464,1747,230354
2025,463,1793,232147
2025,462,1702,233849
2025,461,1722,235571
2025,460,1707,237278
2025,459,1696,238974
2025,458,1735,240709
2025,457,1653,242362
2025,456,1659,244021
2025,455,1711,245732
2025,454,1722,247454
2025,453,1574,249028
2025,452,1582,250610
2025,451,1614,252224
2025,450,1684,253908
2025,449,1723,255631
2025,448,1697,257328
2025,447,1566,258894
2025,446,1687,260581
2025,445,1702,262283
2025,444,1637,263920
2025,443,1619,265539
2025,442,1648,267187
2025,441,1618,268805
2025,440,1510,270315
2025,439,1590,271905
2025,438,1590,273495
2025,437,1560,275055
2025,436,1531,276586
2025,435,1498,278084
2025,434,1457,279541
2025,433,1494,281035
2025,432,1464,282499
2025,431,1463,283962
2025,430,1503,285465
2025,429,1466,286931
2025,428,1385,288316
2025,427,1475,289791
2025,426,1517,291308
2025,425,1438,292746
2025,424,1383,294129
2025,423,1468,295597
2025,422,1379,296976
2025,421,1375,298351
2025,420,1423,299774
2025,419,1298,301072
2025,418,1371,302443
2025,417,1298,303741
2025,416,1305,305046
2025,415,1343,306389
2025,414,1278,307667
2025,413,1242,308909
2025,412,1328,310237
2025,411,1259,311496
2025,410,1293,312789
2025,409,1230,314019
2025,408,1259,315278
2025,407,1253,316531
2025,406,1242,317773
2025,405,1205,318978
2025,404,1264,320242
2025,403,1243,321485
2025,402,1254,322739
2025,401,1202,323941
2025,400,1214,325155
2025,399,1182,326337
2025,398,1141,327478
2025,397,1146,328624
2025,396,1172,329796
2025,395,1161,330957
2025,394,1074,332031
2025,393,1156,333187
2025,392,1096,334283
2025,391,1158,335441
2025,390,1156,336597
2025,389,1064,337661
2025,388,1054,338715
2025,387,1032,339747
2025,386,1049,340796
2025,385,985,341781
2025,384,1006,342787
2025,383,995,343782
2025,382,1024,344806
2025,381,1069,345875
2025,380,1045,346920
2025,379,1016,347936
2025,378,975,348911
2025,377,1022,349933
2025,376,1048,350981
2025,375,965,351946
2025,374,1002,352948
2025,373,945,353893
2025,372,965,354858
2025,371,942,355800
2025,370,937,356737
2025,369,928,357665
2025,368,914,358579
2025,367,897,359476
2025,366,913,360389
2025,365,887,361276
2025,364,862,362138
2025,363,875,363013
2025,362,941,363954
2025,361,917,364871
2025,360,851,365722
2025,359,840,366562
2025,358,894,367456
2025,357,873,368329
2025,356,892,369221
2025,355,809,370030
2025,354,856,370886
2025,353,814,371700
2025,352,787,372487
2025,351,791,373278
2025,350,823,374101
2025,349,753,374854
2025,348,768,375622
2025,347,806,376428
2025,346,750,377178
2025,345,762,377940
2025,344,755,378695
2025,343,721,379416
2025,342,747,380163
2025,341,761,380924
2025,340,711,381635
2025,339,779,382414
2025,338,763,383177
2025,337,721,383898
2025,336,724,384622
2025,335,727,385349
2025,334,738,386087
2025,333,678,386765
2025,332,705,387470
2025,331,675,388145
2025,330,716,388861
2025,329,660,389521
2025,328,691,390212
2025,327,723,390935
2025,326,689,391624
2025,325,673,392297
2025,324,601,392898
2025,323,621,393519
2025,322,643,394162
2025,321,652,394814
2025,320,658,395472
2025,319,670,396142
2025,318,624,396766
2025,317,611,397377
2025,316,694,398071
2025,315,628,398699
2025,314,589,399288
2025,313,643,399931
2025,312,635,400566
2025,311,580,401146
2025,310,582,401728
2025,309,575,402303
2025,308,607,402910
2025,307,559,403469
2025,306,598,404067
2025,305,578,404645
2025,304,558,405203
2025,303,595,405798
2025,302,581,406379
2025,301,543,406922
2025,300,567,407489
2025,299,545,408034
2025,298,520,408554
2025,297,572,409126
2025,296,515,409641
2025,295,553,410194
2025,294,514,410708
2025,293,518,411226
2025,292,492,411718
2025,291,526,412244
2025,290,492,412736
2025,289,469,413205
2025,288,484,413689
2025,287,512,414201
2025,286,512,414713
2025,285,521,415234
2025,284,486,415720
2025,283,463,416183
2025,282,494,416677
2025,281,479,417156
2025,280,494,417650
2025,279,451,418101
2025,278,439,418540
2025,277,488,419028
2025,276,467,419495
2025,275,441,419936
2025,274,428,420364
2025,273,403,420767
2025,272,430,421197
2025,271,421,421618
2025,270,375,421993
2025,269,374,422367
2025,268,363,422730
2025,267,379,423109
2025,266,389,423498
2025,265,386,423884
2025,264,357,424241
2025,263,405,424646
2025,262,341,424987
2025,261,347,425334
2025,260,361,425695
2025,259,331,426026
2025,258,320,426346
2025,257,330,426676
2025,256,324,427000
2025,255,338,427338
2025,254,301,427639
2025,253,302,427941
2025,252,296,428237
2025,251,285,428522
2025,250,297,428819
2025,249,287,429106
2025,248,266,429372
2025,247,283,429655
2025,246,249,429904
2025,245,280,430184
2025,244,259,430443
2025,243,223,430666
2025,242,223,430889
2025,241,255,431144
2025,240,247,431391
2025,239,250,431641
2025,238,242,431883
2025,237,228,432111
2025,236,205,432316
2025,235,219,432535
2025,234,197,432732
2025,233,216,432948
2025,232,179,433127
2025,231,183,433310
2025,230,201,433511
2025,229,180,433691
2025,228,197,433888
2025,227,170,434058
2025,226,188,434246
2025,225,189,434435
2025,224,160,434595
2025,223,153,434748
2025,222,143,434891
2025,221,150,435041
2025,220,147,435188
2025,219,155,435343
2025,218,162,435505
2025,217,125,435630
2025,216,136,435766
2025,215,116,435882
2025,214,122,436004
2025,213,108,436112
2025,212,115,436227
2025,211,95,436322
2025,210,90,436412
2025,209,117,436529
2025,208,109,436638
2025,207,97,436735
2025,206,102,436837
2025,205,81,436918
2025,204,95,437013
2025,203,79,437092
2025,202,89,437181
2025,201,90,437271
2025,200,83,437354
2025,199,80,437434
2025,198,79,437513
2025,197,76,437589
2025,196,73,437662
2025,195,87,437749
2025,194,60,437809
2025,193,65,437874
2025,192,67,437941
2025,191,61,438002
2025,190,62,438064
2025,189,63,438127
2025,188,73,438200
2025,187,58,438258
2025,186,55,438313
2025,185,64,438377
2025,184,36,438413
2025,183,53,438466
2025,182,53,438519
2025,181,54,438573
2025,180,47,438620
2025,179,53,438673
2025,178,52,438725
2025,177,42,438767
2025,176,53,438820
2025,175,50,438870
2025,174,52,438922
2025,173,54,438976
2025,172,46,439022
2025,171,47,439069
2025,170,34,439103
2025,169,41,439144
2025,168,40,439184
2025,167,39,439223
2025,166,30,439253
2025,165,38,439291
2025,164,33,439324
2025,163,30,439354
2025,162,31,439385
2025,161,32,439417
2025,160,31,439448
2025,159,28,439476
2025,158,22,439498
2025,157,19,439517
2025,156,32,439549
2025,155,30,439579
2025,154,40,439619
2025,153,19,439638
2025,152,15,439653
2025,151,28,439681
2025,150,24,439705
2025,149,14,439719
2025,148,19,439738
2025,147,18,439756
2025,146,18,439774
2025,145,19,439793
2025,144,13,439806
2025,143,13,439819
2025,142,9,439828
2025,141,14,439842
2025,140,8,439850
2025,139,15,439865
2025,138,9,439874
2025,137,11,439885
2025,136,10,439895
2025,135,25,439920
2025,134,11,439931
2025,133,16,439947
2025,132,15,439962
2025,131,11,439973
2025,130,7,439980
2025,129,6,439986
2025,128,5,439991
2025,127,10,440001
2025,126,6,440007
2025,125,11,440018
2025,124,4,440022
2025,123,12,440034
2025,122,6,440040
2025,121,3,440043
2025,120,7,440050
2025,119,12,440062
2025,118,9,440071
2025,117,5,440076
2025,116,5,440081
2025,115,9,440090
2025,114,6,440096
2025,113,6,440102
2025,112,13,440115
2025,111,10,440125
2025,110,10,440135
2025,109,7,440142
2025,108,5,440147
2025,107,8,440155
2025,106,5,440160
2025,105,8,440168
2025,104,10,440178
2025,103,7,440185
2025,102,7,440192
2025,101,6,440198
2025,100,10,440208
2026,699,20,20
2026,698,5,25
2026,697,6,31
2026,696,5,36
2026,695,9,45
2026,694,13,58
2026,693,9,67
2026,692,15,82
2026,691,19,101
2026,690,14,115
2026,689,18,133
2026,688,19,152
2026,687,21,173
2026,686,25,198
2026,685,30,228
2026,684,30,258
2026,683,28,286
2026,682,27,313
2026,681,43,356
2026,680,34,390
2026,679,39,429
2026,678,43,472
2026,677,55,527
2026,676,54,581
2026,675,45,626
2026,674,64,690
2026,673,60,750
2026,672,85,835
2026,671,75,910
2026,670,66,976
2026,669,97,1073
2026,668,86,1159
2026,667,109,1268
2026,666,108,1376
2026,665,121,1497
2026,664,118,1615
2026,663,116,1731
2026,662,130,1861
2026,661,146,2007
2026,660,126,2133
2026,659,155,2288
2026,658,173,2461
2026,657,176,2637
2026,656,160,2797
2026,655,170,2967
2026,654,188,3155
2026,653,208,3363
2026,652,210,3573
2026,651,219,3792
2026,650,249,4041
2026,649,254,4295
2026,648,256,4551
2026,647,259,4810
2026,646,275,5085
2026,645,268,5353
2026,644,273,5626
2026,643,291,5917
2026,642,270,6187
2026,641,328,6515
2026,640,372,6887
2026,639,347,7234
2026,638,347,7581
2026,637,394,7975
2026,636,351,8326
2026,635,395,8721
2026,634,398,9119
2026,633,341,9460
2026,632,431,9891
2026,631,435,10326
2026,630,448,10774
2026,629,477,11251
2026,628,453,11704
2026,627,451,12155
2026,626,494,12649
2026,625,506,13155
2026,624,518,13673
2026,623,547,14220
2026,622,562,14782
2026,621,597,15379
2026,620,588,15967
2026,619,591,16558
2026,618,573,17131
2026,617,645,17776
2026,616,638,18414
2026,615,650,19064
2026,614,676,19740
2026,613,701,20441
2026,612,691,21132
2026,611,748,21880
2026,610,753,22633
2026,609,757,23390
2026,608,776,24166
2026,607,765,24931
2026,606,768,25699
2026,605,893,26592
2026,604,812,27404
2026,603,812,28216
2026,602,898,29114
2026,601,867,29981
2026,600,910,30891
2026,599,860,31751
2026,598,907,32658
2026,597,933,33591
2026,596,954,34545
2026,595,967,35512
2026,594,949,36461
2026,593,1007,37468
2026,592,1015,38483
2026,591,1020,39503
2026,590,1050,40553
2026,589,1044,41597
2026,588,1105,42702
2026,587,1076,43778
2026,586,1070,44848
2026,585,1152,46000
2026,584,1139,47139
2026,583,1167,48306
2026,582,1156,49462
2026,581,1170,50632
2026,580,1155,51787
2026,579,1235,53022
2026,578,1253,54275
2026,577,1238,55513
2026,576,1244,56757
2026,575,1251,58008
2026,574,1286,59294
2026,573,1271,60565
2026,572,1330,61895
2026,571,1248,63143
2026,570,1315,64458
2026,569,1341,65799
2026,568,1327,67126
2026,567,1386,68512
2026,566,1390,69902
2026,565,1468,71370
2026,564,1424,72794
2026,563,1421,74215
2026,562,1417,75632
2026,561,1393,77025
2026,560,1449,78474
2026,559,1458,79932
2026,558,1412,81344
2026,557,1506,82850
2026,556,1468,84318
2026,555,1485,85803
2026,554,1476,87279
2026,553,1505,88784
2026,552,1555,90339
2026,551,1465,91804
2026,550,1622,93426
2026,549,1584,95010
2026,548,1566,96576
2026,547,1622,98198
2026,546,1629,99827
2026,545,1546,101373
2026,544,1721,103094
2026,543,1748,104842
2026,542,1640,106482
2026,541,1705,108187
2026,540,1679,109866
2026,539,1738,111604
2026,538,1737,113341
2026,537,1745,115086
2026,536,1727,116813
2026,535,1711,118524
2026,534,1812,120336
2026,533,1713,122049
2026,532,1778,123827
2026,531,1787,125614
2026,530,1723,127337
2026,529,1842,129179
2026,528,1781,130960
2026,527,1798,132758
2026,526,1828,134586
2026,525,1709,136295
2026,524,1804,138099
2026,523,1831,139930
2026,522,1728,141658
2026,521,1873,143531
2026,520,1741,145272
2026,519,1818,147090
2026,518,1796,148886
2026,517,1793,150679
2026,516,1843,152522
2026,515,1826,154348
2026,514,1754,156102
2026,513,1797,157899
2026,512,1793,159692
2026,511,1839,161531
2026,510,1832,163363
2026,509,1776,165139
2026,508,1810,166949
2026,507,1784,168733
2026,506,1755,170488
2026,505,1844,172332
2026,504,1757,174089
2026,503,1800,175889
2026,502,1786,177675
2026,501,1908,179583
2026,500,1872,181455
2026,499,1836,183291
2026,498,1835,185126
2026,497,1748,186874
2026,496,1855,188729
2026,495,1797,190526
2026,494,1733,192259
2026,493,1775,194034
2026,492,1797,195831
2026,491,1783,197614
2026,490,1735,199349
2026,489,1745,201094
2026,488,1745,202839
2026,487,1812,204651
2026,486,1796,206447
2026,485,1701,208148
2026,484,1718,209866
2026,483,1793,211659
2026,482,1764,213423
2026,481,1798,215221
2026,480,1672,216893
2026,479,1701,218594
2026,478,1666,220260
2026,477,1720,221980
2026,476,1638,223618
2026,475,1797,225415
2026,474,1721,227136
2026,473,1824,228960
2026,472,1691,230651
2026,471,1680,232331
2026,470,1689,234020
2026,469,1703,235723
2026,468,1672,237395
2026,467,1707,239102
2026,466,1693,240795
2026,465,1650,242445
2026,464,1648,244093
2026,463,1692,245785
2026,462,1680,247465
2026,461,1656,249121
2026,460,1718,250839
2026,459,1656,252495
2026,458,1669,254164
2026,457,1700,255864
2026,456,1600,257464
2026,455,1653,259117
2026,454,1620,260737
2026,453,1584,262321
2026,452,1600,263921
2026,451,1622,265543
2026,450,1579,267122
2026,449,1564,268686
2026,448,1500,270186
2026,447,1563,271749
2026,446,1587,273336
2026,445,1512,274848
2026,444,1481,276329
2026,443,1531,277860
2026,442,1535,279395
2026,441,1528,280923
2026,440,1532,282455
2026,439,1492,283947
2026,438,1479,285426
2026,437,1555,286981
2026,436,1472,288453
2026,435,1430,289883
2026,434,1467,291350
2026,433,1397,292747
2026,432,1468,294215
2026,431,1411,295626
2026,430,1406,297032
2026,429,1407,298439
2026,428,1398,299837
2026,427,1417,301254
2026,426,1331,302585
2026,425,1334,303919
2026,424,1331,305250
2026,423,1320,306570
2026,422,1318,307888
2026,421,1328,309216
2026,420,1288,310504
2026,419,1356,311860
2026,418,1249,313109
2026,417,1276,314385
2026,416,1254,315639
2026,415,1251,316890
2026,414,1251,318141
2026,413,1232,319373
2026,412,1198,320571
2026,411,1219,321790
2026,410,1183,322973
2026,409,1161,324134
2026,408,1176,325310
2026,407,1174,326484
2026,406,1223,327707
2026,405,1066,328773
2026,404,1136,329909
2026,403,1207,331116
2026,402,1117,332233
2026,401,1117,333350
2026,400,1150,334500
2026,399,1081,335581
2026,398,1018,336599
2026,397,1061,337660
2026,396,1076,338736
2026,395,1085,339821
2026,394,1036,340857
2026,393,1052,341909
2026,392,1055,342964
2026,391,1018,343982
2026,390,1033,345015
2026,389,1000,346015
2026,388,988,347003
2026,387,949,347952
2026,386,991,348943
2026,385,928,349871
2026,384,984,350855
2026,383,946,351801
2026,382,930,352731
2026,381,919,353650
2026,380,887,354537
2026,379,913,355450
2026,378,923,356373
2026,377,990,357363
2026,376,886,358249
2026,375,865,359114
2026,374,928,360042
2026,373,926,360968
2026,372,875,361843
2026,371,850,362693
2026,370,886,363579
2026,369,814,364393
2026,368,838,365231
2026,367,796,366027
2026,366,810,366837
2026,365,826,367663
2026,364,796,368459
2026,363,783,369242
2026,362,733,369975
2026,361,797,370772
2026,360,798,371570
2026,359,758,372328
2026,358,739,373067
2026,357,743,373810
2026,356,694,374504
2026,355,730,375234
2026,354,790,376024
2026,353,707,376731
2026,352,676,377407
2026,351,729,378136
2026,350,685,378821
2026,349,692,379513
2026,348,701,380214
2026,347,708,380922
2026,346,668,381590
2026,345,681,382271
2026,344,692,382963
2026,343,668,383631
2026,342,635,384266
2026,341,648,384914
2026,340,636,385550
2026,339,627,386177
2026,338,663,386840
2026,337,650,387490
2026,336,625,388115
2026,335,648,388763
2026,334,632,389395
2026,333,611,390006
2026,332,600,390606
2026,331,585,391191
2026,330,583,391774
2026,329,606,392380
2026,328,573,392953
2026,327,582,393535
2026,326,591,394126
2026,325,565,394691
2026,324,587,395278
2026,323,590,395868
2026,322,533,396401
2026,321,563,396964
2026,320,491,397455
2026,319,573,398028
2026,318,552,398580
2026,317,562,399142
2026,316,537,399679
2026,315,513,400192
2026,314,520,400712
2026,313,502,401214
2026,312,546,401760
2026,311,500,402260
2026,310,497,402757
2026,309,475,403232
2026,308,510,403742
2026,307,469,404211
2026,306,485,404696
2026,305,507,405203
2026,304,449,405652
2026,303,462,406114
2026,302,445,406559
2026,301,469,407028
2026,300,446,407474
2026,299,505,407979
2026,298,477,408456
2026,297,422,408878
2026,296,468,409346
2026,295,445,409791
2026,294,460,410251
2026,293,408,410659
2026,292,420,411079
2026,291,406,411485
2026,290,435,411920
2026,289,407,412327
2026,288,396,412723
2026,287,401,413124
2026,286,414,413538
2026,285,412,413950
2026,284,400,414350
2026,283,392,414742
2026,282,380,415122
2026,281,392,415514
2026,280,382,415896
2026,279,376,416272
2026,278,382,416654
2026,277,366,417020
2026,276,333,417353
2026,275,365,417718
2026,274,385,418103
2026,273,331,418434
2026,272,355,418789
2026,271,353,419142
2026,270,298,419440
2026,269,314,419754
2026,268,337,420091
2026,267,282,420373
2026,266,313,420686
2026,265,294,420980
2026,264,319,421299
2026,263,292,421591
2026,262,298,421889
2026,261,315,422204
2026,260,286,422490
2026,259,304,422794
2026,258,264,423058
2026,257,278,423336
2026,256,241,423577
2026,255,281,423858
2026,254,249,424107
2026,253,254,424361
2026,252,263,424624
2026,251,248,424872
2026,250,234,425106
2026,249,255,425361
2026,248,213,425574
2026,247,207,425781
2026,246,224,426005
2026,245,214,426219
2026,244,189,426408
2026,243,199,426607
2026,242,194,426801
2026,241,193,426994
2026,240,177,427171
2026,239,197,427368
2026,238,182,427550
2026,237,157,427707
2026,236,162,427869
2026,235,150,428019
2026,234,158,428177
2026,233,141,428318
2026,232,143,428461
2026,231,131,428592
2026,230,143,428735
2026,229,148,428883
2026,228,109,428992
2026,227,116,429108
2026,226,124,429232
2026,225,112,429344
2026,224,126,429470
2026,223,122,429592
2026,222,112,429704
2026,221,100,429804
2026,220,88,429892
2026,219,103,429995
2026,218,77,430072
2026,217,119,430191
2026,216,104,430295
2026,215,93,430388
2026,214,87,430475
2026,213,77,430552
2026,212,80,430632
2026,211,80,430712
2026,210,81,430793
2026,209,59,430852
2026,208,68,430920
2026,207,60,430980
2026,206,57,431037
2026,205,59,431096
2026,204,66,431162
2026,203,51,431213
2026,202,43,431256
2026,201,68,431324
2026,200,36,431360
2026,199,64,431424
2026,198,54,431478
2026,197,49,431527
2026,196,47,431574
2026,195,43,431617
2026,194,48,431665
2026,193,64,431729
2026,192,47,431776
2026,191,38,431814
2026,190,41,431855
2026,189,47,431902
2026,188,40,431942
2026,187,40,431982
2026,186,42,432024
2026,185,40,432064
2026,184,35,432099
2026,183,32,432131
2026,182,39,432170
2026,181,28,432198
2026,180,33,432231
2026,179,31,432262
2026,178,31,432293
2026,177,30,432323
2026,176,28,432351
2026,175,28,432379
2026,174,22,432401
2026,173,29,432430
2026,172,25,432455
2026,171,34,432489
2026,170,26,432515
2026,169,25,432540
2026,168,17,432557
2026,167,24,432581
2026,166,22,432603
2026,165,22,432625
2026,164,18,432643
2026,163,21,432664
2026,162,21,432685
2026,161,24,432709
2026,160,18,432727
2026,159,26,432753
2026,158,25,432778
2026,157,20,432798
2026,156,19,432817
2026,155,21,432838
2026,154,17,432855
2026,153,15,432870
2026,152,24,432894
2026,151,15,432909
2026,150,10,432919
2026,149,17,432936
2026,148,18,432954
2026,147,15,432969
2026,146,12,432981
2026,145,12,432993
2026,144,12,433005
2026,143,8,433013
2026,142,15,433028
2026,141,9,433037
2026,140,8,433045
2026,139,4,433049
2026,138,10,433059
2026,137,15,433074
2026,136,10,433084
2026,135,6,433090
2026,134,6,433096
2026,133,11,433107
2026,132,9,433116
2026,131,5,433121
2026,130,4,433125
2026,129,6,433131
2026,128,7,433138
2026,127,6,433144
2026,126,8,433152
2026,125,7,433159
2026,124,12,433171
2026,123,9,433180
2026,122,6,433186
2026,121,2,433188
2026,120,12,433200
2026,119,10,433210
2026,118,5,433215
2026,117,9,433224
2026,116,3,433227
2026,115,5,433232
2026,114,12,433244
2026,113,6,433250
2026,112,11,433261
2026,111,12,433273
2026,110,7,433280
2026,109,12,433292
2026,108,4,433296
2026,107,16,433312
2026,106,11,433323
2026,105,10,433333
2026,104,7,433340
2026,103,6,433346
2026,102,7,433353
2026,101,6,433359
2026,100,7,433366
