院校代码,院校名称,省份,城市,层次,院校类型,办学性质,隶属,985,211,双一流,备注,来源,采集日期
10079,华北电力大学(保定),河北,保定,本科,理工类,公办,教育部,0,1,1,高样:含高校专项计划投档;属性继承母校华北电力大学,母校公开属性继承,2026-09-25
11048,金陵科技学院,江苏,南京,本科,理工类,公办,江苏省,0,0,0,录取表名称含脏字符"教金陵科技学院",学校官网,2026-09-25
11053,徐州工程学院,江苏,徐州,本科,理工类,公办,江苏省,0,0,0,,学校官网,2026-09-25
11964,邢台医学院,河北,邢台,本科,医药类,公办,河北省,0,0,0,2024年升格本科,河北省教育厅公示,2026-09-25
13625,昆明文理学院,云南,昆明,本科,综合类,民办,云南省教育厅,0,0,0,原云南师范大学文理学院转设,云南省教育厅公示,2026-09-25
13626,昆明理工大学津桥学院,云南,昆明,本科,理工类,民办,云南省教育厅,0,0,0,,学校官网,2026-09-25
16302,西交利物浦大学,江苏,苏州,本科,综合类,中外合作办学,江苏省教育厅,0,0,0,,学校官网,2026-09-25
18213,哈尔滨工业大学(深圳),广东,深圳,本科,理工类,公办,工业和信息化部,1,1,1,含中外合作办学专业投档;属性继承母校哈工大,母校公开属性继承,2026-09-25
19001,北京大学医学部,北京,北京,本科,医药类,公办,教育部,1,1,1,属性继承北京大学,母校公开属性继承,2026-09-25
19002,中国人民大学(苏州校区),江苏,苏州,本科,综合类,公办,教育部,1,1,1,含中外合作办学;属性继承中国人民大学,母校公开属性继承,2026-09-25
19004,北京交通大学(威海校区),山东,威海,本科,理工类,公办,教育部,0,1,1,含中外合作办学;属性继承北京交通大学,母校公开属性继承,2026-09-25
19013,北京邮电大学(宏福校区),北京,北京,本科,理工类,公办,教育部,0,1,1,含中外合作办学;属性继承北京邮电大学,母校公开属性继承,2026-09-25
19027,北京师范大学(珠海校区),广东,珠海,本科,综合类,公办,教育部,1,1,1,属性继承北京师范大学,母校公开属性继承,2026-09-25
19141,大连理工大学(盘锦校区),辽宁,盘锦,本科,理工类,公办,教育部,1,1,1,含中外合作办学;属性继承大连理工大学,母校公开属性继承,2026-09-25
19145,东北大学秦皇岛分校,河北,秦皇岛,本科,理工类,公办,教育部,1,1,1,含中外合作办学;属性继承东北大学,母校公开属性继承,2026-09-25
19213,哈尔滨工业大学(威海),山东,威海,本科,理工类,公办,工业和信息化部,1,1,1,含中外合作办学;属性继承哈工大,母校公开属性继承,2026-09-25
19246,复旦大学医学院,上海,上海,本科,医药类,公办,教育部,1,1,1,属性继承复旦大学,母校公开属性继承,2026-09-25
19248,上海交通大学医学院,上海,上海,本科,医药类,公办,教育部,1,1,1,属性继承上海交通大学,母校公开属性继承,2026-09-25
19359,合肥工业大学(宣城校区),安徽,宣城,本科,理工类,公办,教育部,0,1,1,属性继承合肥工业大学,母校公开属性继承,2026-09-25
19414,中国石油大学(北京)克拉玛依校区,新疆,克拉玛依,本科,理工类,公办,教育部,0,1,1,属性继承中国石油大学(北京),母校公开属性继承,2026-09-25
19422,山东大学威海分校,山东,威海,本科,综合类,公办,教育部,1,1,1,属性继承山东大学,母校公开属性继承,2026-09-25
19614,电子科技大学(沙河校区),四川,成都,本科,理工类,公办,教育部,1,1,1,含中外合作办学;属性继承电子科技大学,母校公开属性继承,2026-09-25
19635,西南大学(荣昌校区),重庆,重庆,本科,综合类,公办,教育部,0,1,1,属性继承西南大学,母校公开属性继承,2026-09-25
51285,江西飞行学院,江西,南昌,本科,理工类,公办,江西省,0,0,0,2024年新设,江西省政府公示,2026-09-25
80001,汕头大学医学院,广东,汕头,本科,医药类,公办,广东省,0,0,0,属性继承汕头大学,母校公开属性继承,2026-09-25
80002,华南师范大学(汕尾校区),广东,汕尾,本科,师范类,公办,广东省,0,1,1,属性继承华南师范大学,母校公开属性继承,2026-09-25
80003,广东工业大学(揭阳校区),广东,揭阳,本科,理工类,公办,广东省,0,0,0,属性继承广东工业大学,母校公开属性继承,2026-09-25
80004,广东技术师范大学(河源校区),广东,河源,本科,师范类,公办,广东省,0,0,0,录取表名称含脏字符"东广东技术师范大学";属性继承母校,母校公开属性继承,2026-09-25
81012,香港珠海学院,香港,香港,本科,综合类,民办,香港特别行政区,0,0,0,境外院校,学校官网,2026-09-25
91004,陆军工程大学,江苏,南京,本科,军事类,公办,中央军委,0,0,0,军队院校,军校公开招生信息,2026-09-25
91012,陆军军医大学,重庆,重庆,本科,医药类,公办,中央军委,0,0,0,军队院校,军校公开招生信息,2026-09-25
92004,陆军工程大学,江苏,南京,本科,军事类,公办,中央军委,0,0,0,军队院校(另一投档代码),军校公开招生信息,2026-09-25
92011,陆军军医大学,重庆,重庆,本科,医药类,公办,中央军委,0,0,0,军队院校(另一投档代码),军校公开招生信息,2026-09-25
